Workbook
Name SegmentaçãodeDados_Vendedor: #N/A

Sheet Vendas
A1: Vendedor | B1: Vendedor2 | C1: Produto | D1: Valor Unitário | E1: Unidades Vendidas | F1: Total
A2: Leonardo Almeida | B2: Leonardo Almeida | C2: Tênis Feminino | D2: 89.99 | E2: 3 | F2: 269.97
A3: Eliane Moreira | B3: Eliane Moreira | C3: Calça Feminina Jogger | D3: 69.99 | E3: 5 | F3: 349.95
A4: Nicolas Pereira | B4: Nicolas Pereira | C4: Camisa Masculina | D4: 153.4 | E4: 1 | F4: 153.4
A5: Amanda Martins | B5: Amanda Martins | C5: Bermuda Masculino | D5: 148.56 | E5: 9 | F5: 1337.04
A6: Paulo Santos | B6: Paulo Santos | C6: Camisa Masculina Festa Balada | D6: 146.14 | E6: 1 | F6: 146.14
A7: Aline Rosa | B7: Aline Rosa | C7: Bota Masculina | D7: 224.14 | E7: 4 | F7: 896.56
A8: Leonardo Almeida | B8: Leonardo Almeida | C8: Jaqueta Masculina Preta | D8: 150.5 | E8: 4 | F8: 602
A9: Eliane Moreira | B9: Eliane Moreira | C9: Bolsa de Trabalho | D9: 248.73 | E9: 1 | F9: 248.73
A10: Nicolas Pereira | B10: Nicolas Pereira | C10: Kit de Pinceis de Maquiagem | D10: 116.52 | E10: 1 | F10: 116.52
A11: Amanda Martins | B11: Amanda Martins | C11: Vestido Infantil | D11: 59.9 | E11: 1 | F11: 59.9
A12: Leonardo Almeida | B12: Leonardo Almeida | C12: Calça Bailarina | D12: 46.9 | E12: 1 | F12: 46.9
A13: Eliane Moreira | B13: Eliane Moreira | C13: Camisa Térmica | D13: 41.9 | E13: 4 | F13: 167.6
... A38: Paulo Santos | B38: Paulo Santos | C38: Camisa Masculina | D38: 153.4 | E38: 1 | F38: 153.4

Sheet Dados Vendedor
A1: Loja | B1: Loja2 | C1: Vendedor | D1: Sexo | E1: Quantidade | F1: Vendas
A2: Santa Catarina | B2: Santa Catarina | C2: Amanda Martins | D2: Feminino | E2: 16 | F2: 1956.14
A3: São Paulo | B3: São Paulo | C3: Angela Maria | D3: Feminino | E3: 8 | F3: 559.35
A4: São Paulo | B4: São Paulo | C4: Carlos Moreira | D4: Masculino | E4: 6 | F4: 969.99
A5: Santa Catarina | B5: Santa Catarina | C5: Eliane Moreira | D5: Feminino | E5: 18 | F5: 1754.24
A6: Rio de Janeiro | B6: Rio de Janeiro | C6: Aline Rosa | D6: Feminino | E6: 7 | F6: 1691.22
A7: Santa Catarina | B7: Santa Catarina | C7: Leonardo Almeida | D7: Masculino | E7: 12 | F7: 1817.51
A8: Rio de Janeiro | B8: Rio de Janeiro | C8: Nicolas Pereira | D8: Masculino | E8: 16 | F8: 2331.74
A9: São Paulo | B9: São Paulo | C9: Paulo Santos | D9: Masculino | E9: 20 | F9: 954.74

Sheet Imagens

Sheet Pivot
A1: Vendedor | B1: Angela Maria
A3: Vendedor2 | B3: Produto | C3: Soma de Unidades Vendidas | D3: Soma de Valor Unitário | E3: Soma de Total
A4: Angela Maria | B4: Kit de Pinceis de Maquiagem | C4: 3 | D4: 116.52 | E4: 349.56 | H4: Rótulos de Linha | I4: Soma de Total
A5: Angela Maria | B5: Tênis Feminino | C5: 1 | D5: 89.99 | E5: 89.99 | H5: Kit de Pinceis de Maquiagem | I5: 349.56
A6: Angela Maria | B6: Vestido Infantil | C6: 2 | D6: 59.9 | E6: 119.8 | H6: Tênis Feminino | I6: 89.99
A7: Total Geral | C7: 6 | D7: 266.41 | E7: 559.35 | H7: Vestido Infantil | I7: 119.8
H8: Total Geral | I8: 559.35

Sheet Dash Vendas
D1: DASHBOARD TOTAL VENDAS POR VENDEDOR
K2: Meta de Vendas: 2000
K11: Produto | L11: Total
K12: {=IFERROR(INDEX(Pivot!$A$4:$E$115,SMALL(IF(Pivot!$A$4:$A$154=Pivot!$B$1,ROW(Pivot!$A$4:$A$100)-3),ROW(A1)),2),"")} -> Kit de Pinceis de Maquiagem | L12: {=IFERROR(INDEX(Pivot!$A$4:$E$115,SMALL(IF(Pivot!$A$4:$A$154=Pivot!$B$1,ROW(Pivot!$A$4:$A$100)-3),ROW(A1)),5),"")} -> 349.56
K13: {=IFERROR(INDEX(Pivot!$A$4:$E$115,SMALL(IF(Pivot!$A$4:$A$154=Pivot!$B$1,ROW(Pivot!$A$4:$A$100)-3),ROW(A2)),2),"")} -> Tênis Feminino | L13: {=IFERROR(INDEX(Pivot!$A$4:$E$115,SMALL(IF(Pivot!$A$4:$A$154=Pivot!$B$1,ROW(Pivot!$A$4:$A$100)-3),ROW(A2)),5),"")} -> 89.99
K14: {=IFERROR(INDEX(Pivot!$A$4:$E$115,SMALL(IF(Pivot!$A$4:$A$154=Pivot!$B$1,ROW(Pivot!$A$4:$A$100)-3),ROW(A3)),2),"")} -> Vestido Infantil | L14: {=IFERROR(INDEX(Pivot!$A$4:$E$115,SMALL(IF(Pivot!$A$4:$A$154=Pivot!$B$1,ROW(Pivot!$A$4:$A$100)-3),ROW(A3)),5),"")} -> 119.8
K15: {=IFERROR(INDEX(Pivot!$A$4:$E$115,SMALL(IF(Pivot!$A$4:$A$154=Pivot!$B$1,ROW(Pivot!$A$4:$A$100)-3),ROW(A4)),2),"")} | L15: {=IFERROR(INDEX(Pivot!$A$4:$E$115,SMALL(IF(Pivot!$A$4:$A$154=Pivot!$B$1,ROW(Pivot!$A$4:$A$100)-3),ROW(A4)),5),"")}
K16: {=IFERROR(INDEX(Pivot!$A$4:$E$115,SMALL(IF(Pivot!$A$4:$A$154=Pivot!$B$1,ROW(Pivot!$A$4:$A$100)-3),ROW(A5)),2),"")} | L16: {=IFERROR(INDEX(Pivot!$A$4:$E$115,SMALL(IF(Pivot!$A$4:$A$154=Pivot!$B$1,ROW(Pivot!$A$4:$A$100)-3),ROW(A5)),5),"")}
K17: {=IFERROR(INDEX(Pivot!$A$4:$E$115,SMALL(IF(Pivot!$A$4:$A$154=Pivot!$B$1,ROW(Pivot!$A$4:$A$100)-3),ROW(A6)),2),"")} | L17: {=IFERROR(INDEX(Pivot!$A$4:$E$115,SMALL(IF(Pivot!$A$4:$A$154=Pivot!$B$1,ROW(Pivot!$A$4:$A$100)-3),ROW(A6)),5),"")}
K18: {=IFERROR(INDEX(Pivot!$A$4:$E$115,SMALL(IF(Pivot!$A$4:$A$154=Pivot!$B$1,ROW(Pivot!$A$4:$A$100)-3),ROW(A7)),2),"")} | L18: {=IFERROR(INDEX(Pivot!$A$4:$E$115,SMALL(IF(Pivot!$A$4:$A$154=Pivot!$B$1,ROW(Pivot!$A$4:$A$100)-3),ROW(A7)),5),"")}
K19: {=IFERROR(INDEX(Pivot!$A$4:$E$115,SMALL(IF(Pivot!$A$4:$A$154=Pivot!$B$1,ROW(Pivot!$A$4:$A$100)-3),ROW(A8)),2),"")} | L19: {=IFERROR(INDEX(Pivot!$A$4:$E$115,SMALL(IF(Pivot!$A$4:$A$154=Pivot!$B$1,ROW(Pivot!$A$4:$A$100)-3),ROW(A8)),5),"")}
K20: {=IFERROR(INDEX(Pivot!$A$4:$E$115,SMALL(IF(Pivot!$A$4:$A$154=Pivot!$B$1,ROW(Pivot!$A$4:$A$100)-3),ROW(A9)),2),"")} | L20: {=IFERROR(INDEX(Pivot!$A$4:$E$115,SMALL(IF(Pivot!$A$4:$A$154=Pivot!$B$1,ROW(Pivot!$A$4:$A$100)-3),ROW(A9)),5),"")}
K21: {=IFERROR(INDEX(Pivot!$A$4:$E$115,SMALL(IF(Pivot!$A$4:$A$154=Pivot!$B$1,ROW(Pivot!$A$4:$A$100)-3),ROW(A10)),2),"")} | L21: {=IFERROR(INDEX(Pivot!$A$4:$E$115,SMALL(IF(Pivot!$A$4:$A$154=Pivot!$B$1,ROW(Pivot!$A$4:$A$100)-3),ROW(A10)),5),"")}
K22: {=IFERROR(INDEX(Pivot!$A$4:$E$115,SMALL(IF(Pivot!$A$4:$A$154=Pivot!$B$1,ROW(Pivot!$A$4:$A$100)-3),ROW(A11)),2),"")} | L22: {=IFERROR(INDEX(Pivot!$A$4:$E$115,SMALL(IF(Pivot!$A$4:$A$154=Pivot!$B$1,ROW(Pivot!$A$4:$A$100)-3),ROW(A11)),5),"")}

Sheet Grafico Velocimetro
A1: Marcador
A2: Ruim | B2: =$B$6/4 -> 500
A3: Regular | B3: =$B$6/4 -> 500
A4: Bom | B4: =$B$6/4 -> 500
A5: Ótimo | B5: =$B$6/4 -> 500
A6: Meta | B6: 2000
A9: Ponteiro
A10: Valor da Ponta Ponteiro | B10: =SUM(Pivot!E:E)/2 -> 559.35
A11: Tamanho Ponteiro | B11: 20
A12: Complemento | B12: =B6*2-(B10+B11) -> 3420.65
A16: Meta Atingida
A17: =B10/B6 -> 0.279675
A19: Quantidade Vendida
A20: =SUM(Pivot!C:C)/2 -> 6

Sheet Planilha1
A1: ='Grafico Velocimetro'!$A$17 -> 0.279675
C4: =C5+10/100 -> 0.91 | D4: =D5+10/100 -> 0.92 | E4: =E5+10/100 -> 0.93 | F4: =F5+10/100 -> 0.94 | G4: =G5+10/100 -> 0.95 | H4: =H5+10/100 -> 0.96 | I4: =I5+10/100 -> 0.97 | J4: =J5+10/100 -> 0.98 | ... L4: =L5+10/100 -> 1
C5: =C6+10/100 -> 0.81 | D5: =D6+10/100 -> 0.82 | E5: =E6+10/100 -> 0.83 | F5: =F6+10/100 -> 0.84 | G5: =G6+10/100 -> 0.85 | H5: =H6+10/100 -> 0.86 | I5: =I6+10/100 -> 0.87 | J5: =J6+10/100 -> 0.88 | ... L5: =L6+10/100 -> 0.9
C6: =C7+10/100 -> 0.71 | D6: =D7+10/100 -> 0.72 | E6: =E7+10/100 -> 0.73 | F6: =F7+10/100 -> 0.74 | G6: =G7+10/100 -> 0.75 | H6: =H7+10/100 -> 0.76 | I6: =I7+10/100 -> 0.77 | J6: =J7+10/100 -> 0.78 | ... L6: =L7+10/100 -> 0.8
C7: =C8+10/100 -> 0.61 | D7: =D8+10/100 -> 0.62 | E7: =E8+10/100 -> 0.63 | F7: =F8+10/100 -> 0.64 | G7: =G8+10/100 -> 0.65 | H7: =H8+10/100 -> 0.66 | I7: =I8+10/100 -> 0.67 | J7: =J8+10/100 -> 0.68 | ... L7: =L8+10/100 -> 0.7
C8: =C9+10/100 -> 0.51 | D8: =D9+10/100 -> 0.52 | E8: =E9+10/100 -> 0.53 | F8: =F9+10/100 -> 0.54 | G8: =G9+10/100 -> 0.55 | H8: =H9+10/100 -> 0.56 | I8: =I9+10/100 -> 0.57 | J8: =J9+10/100 -> 0.58 | ... L8: =L9+10/100 -> 0.6
C9: =C10+10/100 -> 0.41 | D9: =D10+10/100 -> 0.42 | E9: =E10+10/100 -> 0.43 | F9: =F10+10/100 -> 0.44 | G9: =G10+10/100 -> 0.45 | H9: =H10+10/100 -> 0.46 | I9: =I10+10/100 -> 0.47 | J9: =J10+10/100 -> 0.48 | ... L9: =L10+10/100 -> 0.5
C10: =C11+10/100 -> 0.31 | D10: =D11+10/100 -> 0.32 | E10: =E11+10/100 -> 0.33 | F10: =F11+10/100 -> 0.34 | G10: =G11+10/100 -> 0.35 | H10: =H11+10/100 -> 0.36 | I10: =I11+10/100 -> 0.37 | J10: =J11+10/100 -> 0.38 | ... L10: =L11+10/100 -> 0.4
C11: =C12+10/100 -> 0.21 | D11: =D12+10/100 -> 0.22 | E11: =E12+10/100 -> 0.23 | F11: =F12+10/100 -> 0.24 | G11: =G12+10/100 -> 0.25 | H11: =H12+10/100 -> 0.26 | I11: =I12+10/100 -> 0.27 | J11: =J12+10/100 -> 0.28 | ... L11: =L12+10/100 -> 0.3
C12: =C13+10/100 -> 0.11 | D12: =D13+10/100 -> 0.12 | E12: =E13+10/100 -> 0.13 | F12: =F13+10/100 -> 0.14 | G12: =G13+10/100 -> 0.15 | H12: =H13+10/100 -> 0.16 | I12: =I13+10/100 -> 0.17 | J12: =J13+10/100 -> 0.18 | ... L12: =L13+10/100 -> 0.2
C13: 0.01 | D13: =C13+1/100 -> 0.02 | E13: =D13+1/100 -> 0.03 | F13: =E13+1/100 -> 0.04 | G13: =F13+1/100 -> 0.05 | H13: =G13+1/100 -> 0.06 | I13: =H13+1/100 -> 0.07 | J13: =I13+1/100 -> 0.08 | K13: =J13+1/100 -> 0.09 | L13: =K13+1/100 -> 0.1
